{
	"class_name" : "PinholeCameraParameters",
	"extrinsic" : 
	[
		1.0,
		-0.0,
		-0.0,
		0.0,
		0.0,
		-1.0,
		-0.0,
		0.0,
		0.0,
		-0.0,
		-1.0,
		0.0,
		0.16740351915359497,
		-0.0048894584178924561,
		4.1021904753292908,
		1.0
	],
	"intrinsic" : 
	{
		"height" : 1056,
		"intrinsic_matrix" : 
		[
			914.52282639636724,
			0.0,
			0.0,
			0.0,
			914.52282639636724,
			0.0,
			927.0,
			527.5,
			1.0
		],
		"width" : 1855
	},
	"version_major" : 1,
	"version_minor" : 0
}