{
	"class_name" : "PinholeCameraParameters",
	"extrinsic" : 
	[
		0.97908961728922583,
		0.13698254439839105,
		0.150397153718348,
		0.0,
		-0.089159912569682476,
		-0.37556292299001875,
		0.92249823894995053,
		0.0,
		0.18284975063424108,
		-0.91661784479974862,
		-0.35549640685618727,
		0.0,
		-0.21292978210150726,
		1.9079562741398324,
		2.8051649818950293,
		1.0
	],
	"intrinsic" : 
	{
		"height" : 1056,
		"intrinsic_matrix" : 
		[
			914.52282639636724,
			0.0,
			0.0,
			0.0,
			914.52282639636724,
			0.0,
			927.0,
			527.5,
			1.0
		],
		"width" : 1855
	},
	"version_major" : 1,
	"version_minor" : 0
}